brand,name,price
Bastra ,Light Grey/Black Cotton Fleece Sweatshirt For Men, 858.00
 ,Blue/Grey Two Toned Sweatshirt For Men, 949.00
Bastra ,Black Solid Cotton Fleece Sweatshirt For Men, 858.00
Bastra ,Maroon/Grey Cotton Fleece Sweatshirt For Men, 858.00
 ,Black/Green Baseball Sweatshirt For Men, 949.00
Bastra ,Navy Solid Cotton Fleece Sweatshirt For Men, 858.00
Le Fabec ,Black Korean Fashion High Neck For Men," 1,500.00"
Lugaz ,Fur Inside Solid Sweatshirt For Men- Black, 950.00
J.Fisher ,Grey/Navy Sweatshirts For Men, 810.00
 ,Grey Textured Zip Up Hoodie For Men," 1,349.00"
 ,Green Camo Bomber Jacket For Men," 1,349.00"
 ,Grey/Black Baseball Sweatshirt For Men, 949.00
Le Fabec ,Grey Striped Woolen Jacket For Men," 2,300.00"
 ,White Camo Bomber Jacket For Men," 1,349.00"
 ,Blue Textured Zip Up Hoodie For Men," 1,349.00"
Bastra ,Grey/Maroon Cotton Fleece Sweatshirt For Men, 858.00
Lugaz ,Sweatshirt For Men- Grey, 750.00
Bastra ,Feather Grey Cotton/Fleece Sweatshirt For Men, 858.00
Le Fabec ,Light Grey Korean Fashion High Neck For Men," 1,500.00"
Le Fabec ,Blue Korean Fashion High Neck For Men," 1,500.00"
Le Fabec ,White Korean Fashion High Neck For Men," 1,500.00"
Castello ,Light Grey Cashmere V-Neck Sweater For Men," 5,250.00"
Castello ,Yellowish Green Cashmere V-Neck Sweater For Men," 5,250.00"
Castello ,Blue Cashmere V-Neck Sweater For Men," 5,250.00"
Castello ,Grey/Black Double Tone V-Neck Sweater For Men," 2,250.00"
Castello ,Red Cashmere V-Neck Sweater For Men," 5,250.00"
Castello ,Green Cashmere V-Neck Sweater For Men," 5,250.00"
Fila ,20th ROLL NECK White High Neck Sweatshirt For Men," 3,400.00"
Bhutri Clothing Store ,Brown Textured Sweater For Men, 799.00
Lugaz ,Fur Inside Solid Sweatshirt For Men- Navy, 950.00
 ,Green Turtle Neck Sweater With Foldable Ribs For Men," 1,999.00"
 ,Black Turtle Neck Sweater With Foldable Ribs For Men," 1,999.00"
Fila ,EDMONTON Red/Blue Front Zipper Sweater For Men," 4,675.00"
Ritual ,Since Forever Velvet Fur Sweatshirt - Black," 1,099.00"
Fila ,20th ROLL NECK Black High Neck Sweatshirt For Men," 3,400.00"
 ,Maroon/Blue Bomber Design Sweater For Men," 1,250.00"
Fila ,SALVADOR-F Navy Blue Sweatshirt For Men," 3,400.00"
 ,Green Textured Zip Up Hoodie For Men," 1,349.00"
J.Fisher ,Red/Black Sweatshirts For Men, 810.00
 ,Light Maroon Zip Up Hoodie For Men," 1,349.00"
J.Fisher ,Melange Grey Front Pocket Hoodie For Men, 785.00
Shristy Fashion ,White/Grey Fleece Pull Over Hoodie," 1,099.00"
Shristy Fashion ,Multi-color Hoodie For Men," 1,090.00"
Shristy Fashion ,Maroon/Grey Fleece Pull Over Hoodie," 1,099.00"
Le Fabec ,Green Korean Fashion Woolen Printed Hoodie For Men," 1,999.00"
 ,Dark Grey Side Zip Hoodie For Men," 1,199.00"
Bastra ,Navy Zip Up Hoodie For Men," 1,120.00"
Le Fabec ,Light Brown Korean Fashion Woolen Hoodie For Men," 2,100.00"
Bastra ,Dark Green Zip Up Hoodie For Men," 1,120.00"
Bastra ,Dark Grey Textured Zip Up Hoodie For Men," 1,120.00"
 ,Blue/Grey 'Wish You Were Beer' Print Sweatshirt For Men," 1,050.00"
Bastra ,Grey Zip Up Hoodie For Men," 1,120.00"
Shristy Fashion ,Red/Black Fleece Pull Over Hoodie," 1,099.00"
Le Fabec ,Multicolor Korean Fashion Woolen Stripped Hoodie For Men," 2,100.00"
Adidas ,BS4952 Trefoil Camouflage Hoodie - MultiColour," 6,645.00"
Bastra ,Maroon Zip Up Hoodie For Men," 1,120.00"
Le Fabec ,Dark Blue Korean Fashion Printed Woolen Hoodie For Men," 2,100.00"
Castello ,Off White Woolen Zip Hoodie For Men," 4,125.00"
Castello ,Cream Woolen Zip Hoodie For Men," 4,125.00"
Le Fabec ,Woolen Hoodie For Men- Brown," 2,100.00"
 ,Grey/Black Printed Hoodie With Fur Inside For Men," 1,575.00"
 ,Grey Printed Hoodie With Fur Inside For Men," 1,575.00"
 ,Grey Tribal Print Hoodie With Fur Inside For Men," 1,575.00"
Bastra ,Grey Zip Up Hoodie For Men," 1,120.00"
Bastra ,Light Grey Textured Zip Up Hoodie For Men," 1,120.00"
Bastra ,Red Textured Zip Up Hoodie For Men," 1,120.00"
Le Fabec ,Multicolor Korean Fashion Woolen Stripped Hoodie For Men," 2,100.00"
Le Fabec ,Multicolor Korean Fashion Woolen Stripped Hoodie For Men," 2,100.00"
Adidas ,S98775 Essentials Linear Pullover Hoodie For Men - Medium Grey Heather," 5,035.00"
Fila ,BAYSWATER Blue Hoodie For Men," 5,950.00"
Fila ,SANTIAGO Green Printed Hoodie For Men," 5,100.00"
Fila ,BAYWATER Grey Solid Hoodie For Men," 5,950.00"
Adidas ,S98794 Essentail Linear Hoodie For Men - Medium Grey Heather," 5,455.00"
KTM CTY ,Black Buttoned Hoodie For Men-(KM7FV365-8), 990.00
Sonam Gears ,Black Woolen/Nylon Hoodie For Men(373)," 6,296.00"
Sonam Gears ,Blue Fleece Hoodie For Men(695)," 3,175.00"
Sonam Gears ,Grey Woolen/Nylon Chain Hoodie For Men(373)," 6,296.00"
 ,Grey Button Neck Hoodie For Men," 1,199.00"
Shree Ganesh Fancy ,Black Printed Hoodie For Men," 1,750.00"
Wool On ,Multicolor Textured Striped Sweater For Men," 1,800.00"
Bhutri Clothing Store ,Black Textured Sweater For Men, 799.00
 ,Brown Textured Zip Up Hoodie For Men," 1,349.00"
Fila ,SAVOLDI Navy Blue Sweatshirt For Men," 6,800.00"
Fila ,CALI Red/Blue Sleeveless Sweater For Men," 2,550.00"
Bhutri Clothing Store ,Green Textured Sweater For Men, 799.00
Le Fabec ,White/Navy Korean Striped Sweater For Men- S 002," 1,399.00"
Fila ,ROSARIO Grey Solid Sweater For Men," 3,400.00"
Castello ,Brown Cashmere Round Neck Sweater For Men," 5,250.00"
Castello ,Brown Hi-Neck Sweater For Men," 2,250.00"
 ,Black Buttoned Neck Hoodie For Men," 1,299.00"
 ,Black Side Zip Hoodie For Men," 1,299.00"
 ,Teal Blue Textured Zip Up Hoodie For Men," 1,499.00"
Columbia ,1644063489 Titan Pass 2.0 Fleece Jumper For Men- Royal Blue," 7,500.00"
Castello ,Ink Blue Zippered Hi-Neck Sweater For Men," 2,250.00"
 ,SBMC0817121M 100% Cashmere Sleeveless Sweater For Men- Mink Brown," 5,550.00"
 ,SBMC0117102M 100% Cashmere V Neck Sweater For Men- Light Blue," 6,600.00"
 ,SBMC161778L 100% Cashmere Zip Neck Sweater For Men- Light Grey," 5,400.00"
 ,SBMC0117140M 100% Cashmere V-Neck Sweater For Men- Black," 6,600.00"
Columbia ,1644073632 Titan Pass 1.0 Half Zip Fleece Jumper For Men- Coral," 6,000.00"
Columbia ,1618411607 Lost Peak Half Zip Fleece Sweatshirt For Men- Maroon," 4,000.00"
Columbia ,1618411489 Lost Peak Half Zip Fleece Sweatshirt For Men- Blue," 4,000.00"
Columbia ,1739411607 Rugged Shield Long Sleeves Sweatshirt For Men- Maroon," 3,500.00"
Columbia ,1739411435 Rugged Shield Long Sleeved Sweatshirt For Men- Navy," 3,500.00"
Sonam Gears ,Turquoise Sweatshirt With Inner Fleece For Men(696)," 2,039.00"
Sonam Gears ,Dark Grey Sweatshirt With Inner Fleece For Men(696)," 2,039.00"
Sonam Gears ,Black Sweatshirt With Inner Fleece For Men(674)," 1,975.00"
Hardik Fancy Collection ,Maroon Textured Woven Sweater For Men, 699.00
CustomRUs ,Grey Cotton Fleece Sweatshirt," 1,400.00"
Hardik Fancy Collection ,Blue Textured Woven Sweater For Men, 699.00
CustomRUs ,Red Cotton Fleece Sweatshirt," 1,400.00"
Le Fabec ,Maroon Korean Fashion High Neck For Men," 1,500.00"
Le Fabec ,Navy Blue Korean Fashion Cardigan For Men," 2,200.00"
 ,Grey Round Neck Sweater For Men (911), 799.00
Wool On ,Multicolor Textured Striped Sweater For Men," 1,800.00"
Shrestha Tailoring ,Buttoned Polycotton Sleeveless Sweater For Men- Brown," 2,075.00"
 ,Vinson Red Thin One Button Sweater For Men, 899.00
Hardik Fancy Collection ,Green/White Textured Woven Sweater For Men, 699.00
Jeanswest ,Plum Red Solid Sweater For Men (74-193502 - 2390)," 3,890.00"
Wool On ,Two Toned White Textured Sweater For Men- Blue/White," 2,060.00"
Campdavid ,Bluish Grey Cotton Sweatshirt, 995.00
J.Fisher ,Grey Silicon Jacket With Detachable Hood For Men(115)," 1,230.00"
J.Fisher ,Black/Blue Silicon Jacket For Men(116)," 1,230.00"
J.Fisher ,Melange Grey Front Zipper Track Top For Men, 785.00
J.Fisher ,Black/Maroon Silicon Jacket With Detachable Hood For Men (114)," 1,245.00"
Shristy Fashion ,Black Fleece Inside Black Bomber Jacket For Men, 950.00
 ,Black/Grey Fleece Windcheater Jacket For Men- 112, 850.00
J.Fisher ,Black/Grey Zippered Fleece Jacket, 965.00
Shristy Fashion ,Maroon Bomber Jacket With Fleece Inside For Men, 950.00
Culture ,Quilted Winter Bomber Jacket - Navy," 1,349.00"
 ,Camo Flag/Black Fleece Chest Guard Jacket For Men- 222, 955.00
Culture ,Winter Bomber Jacket For Men - Smoke Grey," 1,349.00"
J.Fisher ,Navy/Maroon Zippered Fleece Jacket, 965.00
J.Fisher ,Grey/Light Blue Two Toned Fleece Jacket For Men, 665.00
Shristy Fashion ,Double Sided Fleece Jacket For Men," 1,299.00"
Culture ,Winter Bomber Jacket For Men - Beige," 1,349.00"
 ,Blue/Black Fleece Windcheater Jacket For Men- 111, 850.00
Le Fabec ,Light Grey Korean Fashion Winter Puff Combat Design Jacket For Men," 3,200.00"
Bastra ,Black Double Chain Windcheater , 745.00
Ritual ,Grey Waterproof Quilted Bomber Jacket For Men," 1,399.00"
Le Fabec ,Grey Striped Woolen Jacket For Men," 2,300.00"
Shristy Fashion ,Black Water Repellent Long Jacket For Men, 699.00
Bastra ,Navy Silicon Hooded Down Jacket," 1,848.00"
Lugaz ,Windcheater For Men- Cyan, 790.00
Bastra ,Black Silicon Hooded Down Jacket," 1,848.00"
Le Fabec ,Dark Grey Korean Fashion Winter Puff Jacket For Men," 3,200.00"
Bhutri Clothing Store ,Black Hooded Jacket For Men," 1,399.00"
Le Fabec ,Dark Blue Korean Fashion Winter Puff Jacket For Men," 3,250.00"
 ,Black Diro Benny PU Leather Jacket For Men," 1,950.00"
Le Fabec ,Black Korean Fashion Bomber Jacket For Men," 2,300.00"
Moonstar ,Black Silicon Hooded Jacket," 1,299.00"
Lugaz ,Windcheater For Men- Black, 790.00
Fila ,TIZIO Gunmetal/Grey Jacket For Men," 6,545.00"
Le Fabec ,Dark Green Striped Woolen Jacket For Men," 2,300.00"
Moonstar ,Navy Blue Silicon Hooded Jacket," 1,299.00"
Le Fabec ,Korean Fashion Winter Puff Jacket- Dark Green," 3,500.00"
Lugaz ,Two-Tone Silicon Down Jacket- Blue/Black," 2,200.00"
Lugaz ,Two-Tone Fur Inside Fleece Bomber Jacket- Green/Grey," 1,390.00"
Lugaz ,Two-Tone Silicon Down Jacket- Maroon/Black," 2,200.00"
Lugaz ,Two-Tone Fur Inside Fleece Bomber Jacket- Maroon/Black," 1,390.00"
Lugaz ,Windcheater For Men- Green, 790.00
Shree Ganesh Fancy ,Green/Black 'Thrasher' Camo Hoodie For Men," 1,950.00"
CustomRUs ,Grey Velvet Fur Dhaka Hoodie For Men," 2,300.00"
Le Fabec ,Woolen Hoodie With Fur Inside For Men- Grey," 2,700.00"
Shree Ganesh Fancy ,Black 'Thrasher' Printed Hoodie For Men," 1,950.00"
 ,Blue Self Tie Denim Hoodie," 1,650.00"
BaseCamp ,Maroon Zippered Fleece Hoodie, 899.00
Shree Ganesh Fancy ,Grey/Yellow Textured Hoodie For Men," 1,750.00"
 ,Black Patched Zip Up Hoodie," 1,850.00"
Sonam Gears ,Leather Brown Fleece Chained Hoodie For Men(675)," 2,975.00"
Sonam Gears ,Black Fleece Chained Hoodie For Men(675)," 2,975.00"
Sonam Gears ,Grey Fleece Hooded Jacket For Men(695)," 3,175.00"
Sonam Gears ,Dark Grey Fleece Chained Hoodie For Men(694)," 2,325.00"
Sonam Gears ,Black Inner Fleece Chained Hoodie For Men(694)," 2,325.00"
Sonam Gears ,Red Fleece Chained Hoodie For Men(675)," 2,975.00"
Sonam Gears ,Maroon Fleece Chained Hoodie For Men(695)," 3,175.00"
Sonam Gears ,Turquoise Fleece Chained Hoodie For Men(695)," 3,175.00"
Sonam Gears ,Grey Fleece Chained Hoodie For Men(694)," 2,325.00"
Sonam Gears ,Blue Woolen/Nylon Chain Hoodie For Men(373)," 6,296.00"
Sonam Gears ,Mustard Woolen/Nylon Hoodie For Men(373)," 6,296.00"
Wool On ,Beige/Grey Textured Striped Sweater For Men," 1,800.00"
Indian Terrain ,ITA16SWD004 Hooded Sweatshirt For Men- Blue," 4,046.00"
 ,Grey Johnmax State Zipped Hoodie For Men (2015BP202)," 1,499.00"
 ,Red/Blue Two- Tone Zipped Hoodie For Men (161218)," 1,399.00"
The Mint Studio ,Blue Solid Long Sleeved Hoodie For Men," 1,999.00"
The Mint Studio ,Mint/Grey Long Sleeved Hoodie For Men," 1,999.00"
BaseCamp ,Purple Zippered Fleece Hoodie, 899.00
Wool On ,Two Tone Textured Sweater For Men- Beige/Grey," 1,800.00"
Wool On ,Grey And Black Semi Striped Sweater For Men," 1,800.00"
Le Fabec ,Light Grey Hoodie Jacket For Men," 3,500.00"
Shree Ganesh Fancy ,Grey/Black Textured Hoodie For Men," 2,750.00"
Shree Ganesh Fancy ,Grey/Maroon Textured Hoodie For Men," 1,750.00"
Shree Ganesh Fancy ,Red/Army Green Textured Hoodie For Men," 1,750.00"
Shree Ganesh Fancy ,Army Green/Grey Textured Hoodie For Men," 1,750.00"
Shree Ganesh Fancy ,Blue/Grey Textured Hoodie For Men," 1,750.00"
Shree Ganesh Fancy ,Grey/Blue Textured Hoodie For Men," 1,750.00"
Shree Ganesh Fancy ,Black 'Guns N Roses' Patched Hoodie For Men," 1,750.00"
Shree Ganesh Fancy ,Grey 'Guns N Roses' Patched Hoodie For Men," 1,750.00"
Shree Ganesh Fancy ,Grey 'Thrasher' Printed Hoodie For Men," 1,950.00"
Shree Ganesh Fancy ,Navy 'Thrasher' Printed Hoodie For Men," 1,950.00"
Shree Ganesh Fancy ,Dark Grey Printed Hoodie For Men," 1,750.00"
CustomRUs ,Solid Black Velvet Fur Sweatshirt," 1,800.00"
Shree Ganesh Fancy ,Navy Lining Slim Fit Korean Sweater For Men," 1,550.00"
CustomRUs ,Maroon Cotton Fleece Sweatshirt," 1,400.00"
Shree Ganesh Fancy ,Army Green Printed Sweatshirt For Men," 1,650.00"
Shree Ganesh Fancy ,Multi-Color Striped Textured Sweater," 1,050.00"
Shree Ganesh Fancy ,Black Zipper Neck Textured Sweater For Men," 1,550.00"
Jeanswest ,Stone Grey Printed Sweater For Men (73-193003 - 2075)," 3,890.00"
Hardik Fancy Collection ,Maroon/White Textured Woven Sweater For Men, 699.00
Shree Ganesh Fancy ,Grey/Black Plain Sweater For Men, 895.00
Shree Ganesh Fancy ,Dark Grey Slim Fit Korean Sweater For Men," 1,550.00"
Shree Ganesh Fancy ,Multi-Color Abstract Printed Sweater," 1,050.00"
Hardik Fancy Collection ,White Bape Print Sweatshirt For Men," 1,750.00"
Jeanswest ,Navy Printed Sweater For Men (74-191513 - 2590)," 4,290.00"
Shree Ganesh Fancy ,Multi-Color Abstract Printed Sweater," 1,050.00"
Shree Ganesh Fancy ,Multi-Color Striped V-Neck Sweater For Men, 895.00
Shree Ganesh Fancy ,Brown Front Zipper Sweatshirt For Men," 1,650.00"
Trikaya ,100% Wool Solid Round Neck Sweater For Men- Dark Blue," 2,000.00"
 ,Blue Solid Sweatshirts For Men," 1,500.00"
Diamond Knit Land  ,Check Printed Sweater For Men- Black/Grey," 1,500.00"
Diamond Knit Land  ,Knitted Sweater For Men- Army Green," 1,800.00"
CustomRUs ,Black Cotton Fleece Sweatshirt," 1,400.00"
Shree Ganesh Fancy ,Multi-Color V-Neck Sweater, 895.00
Le Fabec ,Cream Korean Fashion High Neck For Men," 1,500.00"
Le Fabec ,Green Korean Fashion High Neck For Men," 1,500.00"
Le Fabec ,Black Korean Fashion Cardigan For Men," 2,200.00"
Shrestha Tailoring ,Sleeveless Sweater With Inner Fleece For Men- Black," 1,695.00"
Le Fabec ,Cream Korean Fashion Cardigan For Men," 2,200.00"
 ,Navy/Grey Two-Toned Sweatshirt For Men (WSH1007)," 1,250.00"
Shrestha Tailoring ,Buttoned Sleeveless Sweater For Men- Green," 2,075.00"
Shrestha Tailoring ,Collar Sweater With Fleece Inside For Men- Navy/Purple," 2,595.00"
 ,Multi-color Round Neck Sweater For Men (1031), 799.00
 ,Vinson Yellow/Navy/Grey Striped V-Neck Thin Sweater For Men, 899.00
 ,Vsquared Multicolor Striped Thin Sweater For Men, 899.00
 ,Vinson Orange Striped V-Neck Thin Sweater For Men, 899.00
 ,Vinson Blue Striped V-Neck Thin Sweater For Men, 899.00
 ,Vsquared Blue/Grey Stripe Thin Sweater For Men, 899.00
 ,Multicolor V-Neck Sweater For Men, 899.00
 ,Vinson Green Thin 2 Button Sweater For Men, 899.00
 ,Vsquared Black/Green/Grey/Red Striped Thin Sweater For Men, 899.00
 ,Vinson Blue/White/Red Striped Thin Sweater For Men, 899.00
 ,Black Woolen Pea-Coat For Men," 2,999.00"
 ,Khaki Woolen Pea-Coat For Men," 2,999.00"
 ,Red/Blue Hooded Jacket For Men," 1,800.00"
Lugaz ,Two-Tone Fur Inside Fleece Bomber Jacket- Green/Brown," 1,390.00"
Adidas ,AZ0860 Athletics Padded Half Jacket For Men- Black," 5,395.00"
Bastra ,Maroon Silicon Sleeveless Down Jacket," 1,399.00"
Le Fabec ,Navy Blue Padded Jacket With Hoodie," 3,800.00"
Le Fabec ,Black Korean Fashion Winter Puff Jacket For Men," 3,200.00"
Bhutri Clothing Store ,Grey Hooded Jacket For Men," 1,699.00"
Le Fabec ,Korean Fashion Winter Puff Jacket," 3,250.00"
Ritual ,Waterproof Quilted Bomber Jacket For Men - Black," 1,399.00"
Fila ,WARREN Blue Jacket For Men," 5,525.00"
Fila ,WARREN Dark Grey Jacket For Men," 5,525.00"
Fila ,LIMA Black Jacket For Men," 4,675.00"
Fila ,LIMA Blue Jacket For Men," 4,675.00"
Fila ,CANTERO Dark Grey Jacket For Men," 5,525.00"
Adidas ,AC1958 Manchester United FC Presentation Track Jacket- White/Red," 3,845.00"
Adidas ,AZ0861 Chaleco Basic Padded Half Jacket For Men- Blue," 5,395.00"
Adidas ,AP9061 Terrex Skyclimb Insulation Half Jacket For Men- Blue/Black," 6,595.00"
Adidas ,A15401 Manchester United Anthem Track Jacket- Red/Black," 5,595.00"
Bastra ,Black Silicon Sleeveless Down Jacket," 1,399.00"
Culture ,Dark Grey Quilted Winter Bomber Jacket," 1,349.00"
KTM CTY ,Dark Grey Windcheater Jacket For Men-(KM7TWJ357-10), 990.00
KTM CTY ,Navy Blue Jacket For Men-(KM7FDJ372-8), 980.00
KTM CTY ,Ash Grey Silicon Jacket For Men-(KM7PJ363-10 (i))," 2,090.00"
KTM CTY ,Grey Windcheater Jacket For Men-(KM7TAJ346-10)," 2,090.00"
KTM CTY ,Grey/Black Windcheater Jacket For Men-(KM7TAJ34610 (I))," 2,090.00"
KTM CTY ,Dark Grey Silicon Jacket For Men-(KM7PJ36310)," 2,090.00"
Shrestha Tailoring ,Two Button Regular Fit Tweed Blazer For Men- Olive," 10,500.00"
Shrestha Tailoring ,Two Button Check Pattern Slim Fit Woolen Blazer For Men- Navy," 8,500.00"
Columbia ,1420421676 Fast Trek II Full Zip Fleece Jacket For Men - Red," 5,000.00"
Shrestha Tailoring ,Two Button Check Pattern Slim Fit Blazer For Men- Black," 8,500.00"
Shrestha Tailoring ,Two Button Check Pattern Slim Fit Woolen Blazer For Men- Light Blue," 8,500.00"
Sonam Gears ,Green Polyester/Elastane Jacket For Men(647)," 5,309.00"
Bhutri Clothing Store ,Brown Long Buttoned Blazer With Attached Muffler," 3,500.00"
Bhutri Clothing Store ,Black Long Collar Buttoned Blazer," 3,500.00"
Eryaa ,Man Solid Single Breasted Casual Formal Blazer  (Black) - NBZ201," 3,200.00"
 ,Cardigan For Men- Black," 1,200.00"
J.Fisher ,Camoflage Chest Guard Half Jacket For Men, 795.00
Le Fabec ,Dark Blue Korean Fashion Formal Blazer For Men," 3,300.00"
Wool On ,Orange Textured Sweater For Men- Dark Grey/Light Grey," 1,800.00"
 ,Black Self Tie Denim Hoodie," 1,650.00"
 ,Denim Patched Zip Up Hoodie," 1,850.00"
Le Fabec ,Black Solid Korean Hoodie For Men," 2,200.00"
Wool On ,Two Toned White Textured Sweater For Men- Dark Grey/Light Grey," 1,800.00"
Le Fabec ,Black Korean Fashion Hoodie With Front Zipper," 2,200.00"
Fila ,SANTIAGO Blue/Orange Hoodie For Men," 5,100.00"
Le Fabec ,Black Korean Fashion Woolen Hoodie," 2,200.00"
Wool On ,White Patterned Sweater For Men- Dark Grey/ Light Grey," 1,800.00"
Wool On ,Grey Multi-Color Striped Sweater For Men," 1,800.00"
Wool On ,Multicolor White Textured Striped Sweater For Men," 1,800.00"
Sonam Gears ,Dark Grey Lawang Hoodie For Men (612)," 4,999.00"
 ,Maroon Patched Zip Up Hoodie," 1,850.00"
 ,Dark Grey Patched Zip Up Hoodie," 1,850.00"
 ,Royal Blue Patched Zip Up Hoodie," 1,850.00"
CustomRUs ,Silver Milan Textured Dhaka Hoodie," 2,300.00"
Wildcraft ,Hooded Softshell Jacket For Men - Dark Grey," 5,800.00"
Xtep ,051065 Sweatshirt for Men- Beige," 4,960.00"
Xtep ,051065 Sweatshirt for Men- Blue/Grey," 4,960.00"
Wildcraft ,Hooded Softshell Jacket For Men - Navy Melange," 5,800.00"
 ,Red Patched Zip Up Hoodie," 1,850.00"
Hardik Fancy Collection ,Bluish Black Zip Up Hoodie," 1,600.00"
 ,Royal Blue Solid Decode Hoodie," 1,750.00"
Redline ,Black 'BullDogs Hockey' Print Hoodie," 2,495.00"
Redline ,Navy 'Allegheny' Print Hoodie," 2,495.00"
Castello ,Chocolate Brown Cashmere V-Neck Sweater For Men," 5,250.00"
Castello ,Black Cashmere V-Neck Sweater For Men," 5,250.00"
Castello ,Brown Sleeveless Zip Closure Hi-Neck Sweater For Men," 2,250.00"
Castello ,Cream V-Neck Sweater For Men," 2,250.00"
Castello ,Brown V-Neck Sweater For Men," 2,250.00"
Castello ,Grey Cashmere V-Neck Sweater For Men," 5,250.00"
Castello ,Turquoise Blue V-Neck Sweater For Men," 5,250.00"
Castello ,Dark Grey Round Neck Sweater For Men," 2,250.00"
Castello ,Light Brown V-Neck Sweater For Men," 2,250.00"
Castello ,Dark Grey V-Neck Sweater For Men," 2,250.00"
Castello ,Black V-Neck Sweater For Men," 2,250.00"
Castello ,Light Brown Round Neck Sweater For Men," 2,250.00"
Sonam Gears ,Grey Fleece Sweatshirt For Men(699)," 2,125.00"
Sonam Gears ,Dark Grey Fleece Sweatshirt  For Men(699)," 2,125.00"
Sonam Gears ,Maroon Sweatshirt With Inner Fleece For Men(696)," 2,039.00"
Sonam Gears ,Brick Colored Sweatshirt With Inner Fleece For Men(696)," 2,039.00"
Sonam Gears ,Red Sweatshirt With Inner Fleece For Men(674)," 2,039.00"
Creative Touch ,Orange/Brown Two-Toned Sweatshirt For Men (WSH1007)," 1,250.00"
 ,Orange/Black Two-Toned Sweatshirt For Men (WSH1007)," 1,250.00"
 ,SBMC0217113S 100% Cashmere Sweater For Men- Light Maroon," 6,600.00"
 ,SBMC161778XL 100% Cashmere Zip Neck Sweater For Men- Light Grey," 5,400.00"
 ,SBMC0317963XL 100% Cashmere Buttoned Sweater For Men- Light Brown," 7,200.00"
 ,SBMC161788M 100% Cashmere Zip Neck Sweater For Men- Purple," 8,100.00"
Indian Terrain ,ITA17SWK119 Printed Pullover For Men- Brown," 3,799.00"
Diamond Knit Land  ,Knitted Woolen High Neck For Men- Dark Grey," 1,800.00"
Le Fabec ,Dark Grey Korean Sweater For Men+AC0- MC 013," 1,950.00"
 ,SBMC141779M 100% Cashmere Sleeveless Sweater For Men- Blue," 4,770.00"
 ,Multi-color Round Neck Sweater For Men (1031), 799.00
 ,SBMC02171M 100% Cashmere Sweater For Men- Black," 6,600.00"
Indian Terrain ,ITA16SWD005 Printed Sweatshirt For Men- Blue," 4,046.00"
Indian Terrain ,ITA16SWK175 Self-Design Sweater For Men- Mustard Yellow," 4,414.00"
Wool On ,Beige/Grey Textured Striped Sweater For Men," 1,800.00"
 ,SBMC08179M 100% Cashmere Sleeveless Sweater For Men- Navy Blue," 5,550.00"
 ,SBMC0817119M 100% Cashmere Sleeveless Sweater For Men- Dark Grey," 5,550.00"
 ,SBMC031778L 100% Cashmere Buttoned Sweater For Men- Light Grey," 7,200.00"
 ,SBMC02179M 100% Cashmere Sweater For Men- Navy Blue," 6,600.00"
Trikaya ,100% Wool Solid Round Neck Sweater For Men- Charcoal Grey," 2,000.00"
 ,SBMC0217125L 100% Cashmere Sweater For Men- Brown," 6,600.00"
 ,SBMC071793S 100% Cashmere Polo Neck Sweater For Men- Grey," 8,100.00"
Indian Terrain ,ITA16SWK182 Solid/Textured Jumper For Men- Teal," 4,966.00"
 ,Tan Solid Zippered Leather Jacket," 2,200.00"
Shree Ganesh Fancy ,Navy Velvet One Buttoned Coat For Men," 2,205.00"
Shree Ganesh Fancy ,Blue Korean Button Up Hoodie For Men," 1,650.00"
Le Fabec ,Grey Korean Fashion Winter Puff Jacket," 3,500.00"
 ,Grey Textured Collar Cardigan," 1,250.00"
 ,Black Casual Hoodie Jacket," 2,200.00"
 ,Bomber/Windcheater Jacket V2 For Men- Royal Blue, 899.00
Le Fabec ,Purple Korean Fashion Formal Blazer For Men," 3,300.00"
Shree Ganesh Fancy ,Brown Zip Up Leather Jacket For Men," 1,999.00"
 ,Black Solid Zippered Leather Jacket," 1,999.00"
Shree Ganesh Fancy ,Dark Grey Korean Button Up Hoodie For Men," 1,650.00"
 ,Khaki Green Zippered Pocket Bomber Jacket For Men, 899.00
Shree Ganesh Fancy ,Black Korean Button Up Hoodie For Men," 1,650.00"
 ,Navy Solid Zippered Leather Jacket," 2,200.00"
Le Fabec ,Black Korean Fashion Bomber Jacket For Men ," 2,100.00"
 ,Summer Blazer- Dark Grey," 2,200.00"
 ,Black Front Print Silicon Jacket For Men (66006)," 1,999.00"
BaseCamp ,Red/Black Double Sided Fleece Jacket, 899.00
 ,Black Feather Down Jacket For Men (1004)," 1,799.00"
Le Fabec ,Black Korean Fashion Winter Puff Jacket," 3,500.00"
 ,Summer Blazer- Light Grey," 2,200.00"
Sonam Gears ,Green/Grey Double Side Fleece Jacket For Men(663)," 2,655.00"
Le Fabec ,Olive Green Korean Fashion Bomber Jacket For Men ," 2,100.00"
 ,Black Fur Inside Biker's Leather Jacket For Men (9869)," 3,599.00"
 ,Black Bomber Jacket Coat Style For Men," 1,999.00"
Shree Ganesh Fancy ,Black Zip Up Leather Jacket For Men," 2,050.00"
 ,Black Leather Jacket  For Men (1810)," 2,499.00"
BaseCamp ,Blue/Black Double Sided Fleece Jacket, 899.00
Shree Ganesh Fancy ,Brown Velvet One Buttoned Coat For Men," 2,205.00"
 ,Brown Leohan Cotton Jacket For Men," 2,375.00"
Indian Terrain ,ITA16JKK101 Woolen Sleeveless Jacket- Black," 6,070.00"
Le Fabec ,Korean Fashion Winter Puff Jacket," 3,500.00"
J.Fisher ,Maroon/Blue Chest Guard Half Jacket For Men, 795.00
Shree Ganesh Fancy ,Light Grey Textured Check One Buttoned Coat For Men," 1,950.00"
 ,Maroon Hooded Jacket For Men," 2,400.00"
Columbia ,1736212010 Great Falls Full Zip Jacket For Men - Black," 9,000.00"
 ,Maroon Double Zip Winter Jacket For Men," 2,600.00"
Shree Ganesh Fancy ,Dark Grey Textured One Buttoned Coat For Men," 1,950.00"
Le Fabec ,Blue Korean Fashion Winter Puff Combat Design Jacket For Men," 3,500.00"
Le Fabec ,Maroon Korean Bomber Jacket- MB 01," 1,950.00"
Indian Terrain ,ITA16SWD002 Sweatshirt For Men- Burgundy," 4,230.00"
Indian Terrain ,ITA17SWK110  Self Design Pullover For Men- Grey," 4,499.00"
Indian Terrain ,ITA16SWK174 Sweater For Men- Charcoal Grey," 4,414.00"
Columbia ,1644063632 Titan Pass 2.0 Fleece Jumper For Men- Orange," 7,500.00"
 ,SBMC0817141XS 100% Cashmere Sleeveless Sweater For Men- Grey," 5,550.00"
Indian Terrain ,ITA16SWD018 Graphic Crew Neck Sweatshirt For Men- Plum," 3,862.00"
Indian Terrain ,ITA16SWD012 Printed Pullover Sweatshirt For Men- Red," 3,494.00"
Indian Terrain ,ITA16SWK169 Cardigan Fit Sweater- Blue," 4,230.00"
Indian Terrain ,ITA16SWD007 Sweatshirt For Men- Blue," 4,230.00"
Campdavid ,Grey Full Sleeve Sweatshirt For Men," 1,195.00"
Creative Touch ,Purple Root Printed Sweatshirt For Men," 1,250.00"
Creative Touch ,Navy/Sky Blue Two-Toned Sweatshirt For Men (WSH1007)," 1,250.00"
Butta ,Black Gorkhali Print Sweatshirt For Men," 1,500.00"
The Mint Studio ,Blue/Grey Contrast Sleeve Sweatshirt For Men," 1,799.00"
Indian Terrain ,ITA16SWK164 Solid Pullover For Men- Magenta," 4,046.00"
Shree Ganesh Fancy ,Creme Slim Fit Korean Sweater For Men," 1,450.00"
Shree Ganesh Fancy ,Dark Blue Slim Fit Korean Sweater For Men," 1,450.00"
Shree Ganesh Fancy ,Greyish Brown Slim Fit Korean Sweater For Men," 1,550.00"
Shree Ganesh Fancy ,Creme Lining Slim Fit Korean Sweater For Men," 1,550.00"
Shree Ganesh Fancy ,Light Grey Slim Fit Korean Sweater For Men," 1,450.00"
Shree Ganesh Fancy ,Light Grey Front Zipper Sweatshirt For Men," 1,650.00"
Campdavid ,Blackish Grey Cotton Sweatshirt, 995.00
Wool On ,Two Tone Textured Sweater For Men- Beige/Grey," 1,800.00"
Shrestha Tailoring ,Square Print  Sleeveless Sweater With Inner Fleece For Men- Black/White," 1,695.00"
Wool On ,Two Toned White Textured Sweater For Men- Red/Blue," 2,060.00"
Shrestha Tailoring ,Buttoned Sleeveless Sweater For Men- Dark Grey," 1,975.00"
 ,Crimson Turtle Neck Sweater With Foldable Ribs For Men," 1,999.00"
Indian Terrain ,ITS17SWK124 Solid Flat Knit Sweatshirt For Men- Khaki," 4,799.00"
Indian Terrain ,ITA17SWK106 Printed Pullover Sweatshirt For Men- Grey," 4,499.00"
Indian Terrain ,ITA16SWD157 Structured V Neck Sweater For Men- Plum," 4,046.00"
Indian Terrain ,ITA16SWD003 Solid Crew Neck Sweatshirt For Men- Plum," 4,230.00"
Indian Terrain ,ITA16SWD152 Lining V Neck Sweater For Men- Grey Melange," 3,678.00"
Indian Terrain ,ITS17SWK124 Solid Flat Knit Sweatshirt For Men- Grey Melange," 4,799.00"
Indian Terrain ,ITA16SWK123 Striped Pullover For Men- Navy Blue," 4,966.00"
Indian Terrain ,IT16SWK177SL Vest Fit Sweater For Men- Red/Navy," 3,678.00"
Diamond Knit Land  ,Box Printed Sweater For Men- Black," 1,500.00"
Shree Ganesh Fancy ,Multi-Colored Striped Sweater," 1,050.00"
Wool On ,Grey And Black Semi Striped Sweater For Men," 1,800.00"
CustomRUs ,Navy Cotton Fleece Sweatshirt," 1,400.00"
Jeanswest ,Plumberry Solid Sweater For Men (74-193001 - 2380)," 3,290.00"
Eryaa ,Navy Blue Blazer for Men- NBZ- 203," 3,200.00"
Shree Ganesh Fancy ,Maroon Hooded Jacket For Men," 3,250.00"
Jeanswest ,Deep Navy Fleece Jacket For Men (73-121505 - 2590)," 2,990.00"
Le Fabec ,Green Korean Fashion Winter Puff Combat Design Jacket For Men," 3,500.00"
BaseCamp ,Dark Pink/Black Double Sided Fleece Jacket, 899.00
 ,Maroon Zippered Pocket Bomber Jacket For Men, 899.00
Revamp Wear ,Blue Glossy Down Jacket For Men," 1,599.00"
 ,Dark Blue Distressed Denim Jacket," 1,650.00"
 ,Windcheater For Men- Maroon, 635.00
Le Fabec ,Black Korean Fashion Faux Leather Bomber Jacket," 3,200.00"
 ,Max Fit Bomber Jacket For Men- Grey, 835.00
Jeanswest ,Stone Grey Fleece Jacket For Men (73-121505 - 2075)," 2,990.00"
 ,Black Single Zipper Faux Leather Jacket," 1,999.00"
 ,Max Fit Bomber Jacket For Men- Blue, 835.00
Shree Ganesh Fancy ,Beige Smily Patched Camo Jacket For Men," 2,450.00"
Jeanswest ,Black Solid Jacket For Men (74-123520 - 2011)," 10,390.00"
Eryaa ,Men's Leather Jackets- Black," 4,000.00"
Eryaa ,Solid Casual Men's Blazer  (Maroon)," 3,200.00"
Shree Ganesh Fancy ,Tan Zip Up Leather Jacket For Men," 1,999.00"
 ,Black Solid Leather Jacket," 2,200.00"
Hardik Fancy Collection ,Navy Blue Single Buttoned Blazer For Men," 1,999.00"
BaseCamp ,Green/Black Double Sided Fleece Jacket, 899.00
Shree Ganesh Fancy ,Black Zip Up Leather Jacket For Men," 2,050.00"
Jeanswest ,Black Silicon Jacket For Men (73-122528 - 2011)," 5,290.00"
Jeanswest ,Lake Blue Fleece Jacket For Men (73-121004 - 2662)," 3,490.00"
Moonstar ,Double Zipper Windcheater For Men- Black, 749.00
 ,Dark Blue Denim Jacket," 1,599.00"
 ,Rain Shoe Saver For Men, 360.00
 ,Rainproof Outdoor Splits Raincoats and Rainpants, 949.00
 ,Blue/Grey LX Cotton Jacket For Men," 1,800.00"
 ,Blue Distressed Denim Jacket," 1,650.00"
 ,Blue Washed Denim Jacket," 1,800.00"
Moonstar ,Double Zipper Windcheater For Men- Blue, 749.00
 ,Grey/Silver Feather Down Jacket For Men (1002)," 1,799.00"
 ,Red Feather Down Jacket For Men (1002)," 1,799.00"
 ,Black Hooded Jacket For Men," 2,400.00"
 ,Brown Feather Down Jacket For Men (1004)," 1,799.00"
 ,Black Solid Silicon Jacket  For Men (XZNZ)," 2,799.00"
 ,Black/Green Combat Jacket (Silicon Down) For Men- 852," 2,999.00"
 ,Black/Blue Combat Jacket (Silicon Down) For Men- 852," 2,999.00"
Jeanswest ,Stone Grey Solid Sweater For Men (73-193001 - 2075)," 2,990.00"
Jeanswest ,Black Solid Sweater For Men (73-193001 - 2853)," 2,990.00"
Jeanswest ,Navy Blue Printed Sweater For Men (73-193003 - 2680)," 3,890.00"
Jeanswest ,Stone Grey Striped Sweater For Men (73-191002 - 2075)," 3,290.00"
Jeanswest ,Stone Grey Printed Sweater For Men (73-191007 - 2075)," 4,190.00"
Jeanswest ,Burgundy Printed Sweater For Men (73-191007 - 2280)," 4,190.00"
Jeanswest ,Grey Triple Toned Sweater For Men (73-191513 - 2110)," 3,290.00"
Jeanswest ,Peach Solid Sweater For Men (73-193001 - 2245)," 2,990.00"
Jeanswest ,Black/White Striped Sweater For Men (73-193502 - 2010)," 2,690.00"
Jeanswest ,Burgundy Solid Sweater For Men (73-193588 - 2280)," 2,690.00"
Jeanswest ,Black Solid Sweater For Men (73-193589 - 2010)," 2,690.00"
Jeanswest ,Stone Grey Printed Sweater For Men (74-191015 - 2075)," 4,490.00"
Jeanswest ,Stone Grey 'Boxer' Print Sweater For Men (74-193005 - 2075)," 3,950.00"
Jeanswest ,Grey Triangles Print Sweater For Men (74-193010 - 2025)," 4,690.00"
Jeanswest ,Plumberry Triangles Print Sweater For Men (74-193010 - 2380)," 4,690.00"
Jeanswest ,Grey Solid Sweater For Men (74-193502 - 2085)," 3,890.00"
Campdavid ,Light Red Cotton Sweatshirt, 995.00
Jeanswest ,Stone Grey Striped Sweater For Men (73-193501 - 2075)," 2,690.00"
Jeanswest ,Black Solid Sweater For Men (74-193001 - 2010)," 3,290.00"
Jeanswest ,Stone Grey Solid Sweater For Men (74-193001- 2075)," 3,290.00"
Jeanswest ,Dark Grey Printed Sweater For Men (73-193003 - 2045)," 3,890.00"
Jeanswest ,Stone Grey Solid Sweater For Men (73-193589 - 2075)," 2,690.00"
Jeanswest ,Ocean Blue Solid Sweater For Men (73-193589 - 2640)," 2,690.00"
Jeanswest ,Stone Grey Printed Sweater For Men (74-191512 - 2075)," 4,290.00"
Jeanswest ,Plum Red Printed Sweater For Men (74-191512 - 2390)," 4,290.00"
Jeanswest ,Stone Grey Printed Sweater For Men (74-191513 - 2075)," 4,290.00"
Campdavid ,Red Solid Sweatshirt, 995.00
Indian Terrain ,ITA17SWK119 Printed Pullover Sweatshirt For Men- Navy," 3,799.00"
Shree Ganesh Fancy ,Navy Blue Printed Sweatshirt For Men," 1,650.00"
Wool On ,Orange Textured Sweater For Men- Dark Grey/Light Grey," 1,800.00"
Shree Ganesh Fancy ,Black Marijuana Printed Sweatshirt For Men," 1,650.00"
Shree Ganesh Fancy ,Black Printed Round Neck Sweatshirt," 1,650.00"
CustomRUs ,Red Dhaka Pocket Sweatshirt For Men," 1,800.00"
Shree Ganesh Fancy ,Multi-Colored Striped V-Neck Sweater- Grey/White/Navy," 1,050.00"
Diamond Knit Land  ,Check Printed Sweater For Men- Black/Red," 1,500.00"
Carte Blanche ,Coral Orange Full Sleeve Sweatshirt For Men," 1,195.00"
Diamond Knit Land  ,Knitted Woolen High Neck For Men- Brown," 1,800.00"
Diamond Knit Land  ,Knitted Sweater For Men- Blue," 1,800.00"
 ,Maroon Thin Solid Sweatshirts For Men," 1,150.00"
Le Fabec ,Multicolor Korean Sweater For Men+AC0- S 009," 1,700.00"
Columbia ,1693931-402 Powderlite Hooded Jacket For Men- Blue," 12,000.00"
Columbia ,1693931-365 Powderlite Hooded Jacket For Men- Black/Brown," 12,000.00"
Columbia ,1693931-837 Powderlite Hooded Jacket For Men- Blue/Red," 12,000.00"
 ,Olive Heavy Long Jacket For Men," 3,150.00"
 ,Black Solid Silicon Jacket For Men (x910)," 2,399.00"
The North Face ,A33RO Harway Jacket For Men - New Taupe Green," 10,200.00"
Le Fabec ,Grey Patterned Korean Fashion Coat For Men," 3,300.00"
Le Fabec ,Maroon Korean Fashion Coat For Men," 3,300.00"
 ,Maroon Feather Down Jacket For Men (1004)," 1,799.00"
 ,Black Heavy Long Jacket For Men," 3,200.00"
Le Fabec ,Korean Fashion Long Jacket With Front Pockets For Men," 3,500.00"
 ,Grey Thin Hooded Jacket For Men," 1,699.00"
 ,Blue/Cream Silocon Hooded Jacket For Men," 1,800.00"
 ,Green Thin Jacket With Hideable Hood For Men," 1,599.00"
 ,Black Thin Jacket With Hideable Hood For Men," 1,599.00"
 ,Grey Suede Hooded Jacket For Men," 2,650.00"
Sonam Gears ,Maroon Fleece Jacket For Men(648)," 4,869.00"
Sonam Gears ,Dark Grey Fleece Jacket For Men(648)," 4,869.00"
Sonam Gears ,Green Fleece Jacket For Men(648)," 4,869.00"
Sonam Gears ,Black Fleece Jacket For Men(648)," 4,869.00"
Sonam Gears ,Grey Fur Inside Windcheater Jacket For Men(455)," 6,915.00"
Sonam Gears ,Black Fur Inside Windcheater Jacket For Men(455)," 6,915.00"
Sonam Gears ,Green Fur Inside Windcheater Jacket For Men(455)," 6,915.00"
Sonam Gears ,Pink/Navy Double Side Fleece Jacket For Men(663)," 2,655.00"
Sonam Gears ,Blue/Grey Double Side Fleece Jacket For Men(663)," 2,655.00"
Sonam Gears ,Black Polyester/Spandex Jacket For Men(647)," 5,309.00"
 ,Navy Heavy Long Jacket With Inner Fur For Men," 3,150.00"
Shrestha Tailoring ,Two Button Regular Fit Tweed Blazer For Men- Mustard/Yellow," 10,500.00"
Shrestha Tailoring ,Tweed Two Button Check Pattern Slim Fit Blazer For Men- Bright Blue," 9,500.00"
 ,Blue Light Combat Jacket  For Men (9868)," 2,999.00"
 ,Black Suede/PU Hooded Jacket For Men," 2,650.00"
Indian Terrain ,ITA16JKK101 Woolen Sleeveless Jacket- Navy," 6,070.00"
Lugaz ,Two-Tone Silicon Down Jacket- Army Green/Black," 2,200.00"
 ,Blue Silicon Long Jacket For Men," 3,150.00"
 ,Blue Two-Tone Zipped Hoodie For Men (161218)," 1,399.00"
 ,Black Silicon Long Jacket For Men," 3,150.00"
Columbia ,1420421438 Fast Trek II Full Zip Fleece Jacket For Men - Aqua," 5,000.00"
Columbia ,1562681010 Evapouration Jacket For Men- Black," 9,900.00"
Indian Terrain ,ITA16JKD211 Solid Bomber Jacket For Men- Navy," 9,198.00"
Indian Terrain ,ITA16GP243 Solid Biker Jacket- Dark Brown," 11,038.00"
Lugaz ,Thin Summer Sweatshirt For Men- Grey, 999.00
Jeanswest ,Beige Printed Sweater For Men (64-194299-2185)," 5,250.00"
Trikaya ,100% Wool Solid Round Neck Sweater For Men - Grey Brown," 2,000.00"
Trikaya ,100% Wool Solid Round Neck Sweater For Men- Royal Blue," 2,000.00"
Trikaya ,100% Wool Solid Round Neck Sweater For Men - Grey," 2,000.00"
Trikaya ,100% Wool Solid V Neck Sweater For Men- Charcoal Grey," 2,000.00"
Le Fabec ,Multicolor Korean Sweater For Men+AC0- S 008," 1,700.00"
Trikaya ,100% Wool Solid V Neck Sweater For Men - Grey Brown," 2,000.00"
Trikaya ,100% Wool Solid V Neck Sweater For Men - Light Grey," 2,000.00"
Trikaya ,100% Wool Solid V Neck Sweater For Men- Royal Blue," 2,000.00"
Trikaya ,100% Wool Solid V Neck Sweater For Men - Grey," 2,000.00"
Trikaya ,100% Wool Solid V Neck Sweater For Men- Dark Blue," 2,000.00"
 ,Blue/Maroon Bomber Design Sweater For Men," 1,250.00"
NEVA ,S1040 Printed Woolen Sweater- Black," 2,558.00"
Wool On ,Black And Grey Semi Striped Sweater For Men," 1,800.00"
NEVA ,SB014 Solid Woolen Sweater- Green," 2,398.00"
Shree Ganesh Fancy ,Maroon Zipper Neck Textured Sweater For Men," 1,550.00"
Le Fabec ,Black Korean Sweater For Men+AC0- MC 011," 1,950.00"
Shree Ganesh Fancy ,Multi-Colored Striped Sweater," 1,050.00"
Shree Ganesh Fancy ,Grey Zipper Neck Textured Sweater For Men," 1,550.00"
Wool On ,Two Toned White Textured Sweater For Men- Dark Grey/Light Grey," 1,800.00"
 ,Grey Textured Stitched Sweatshirt," 1,500.00"
 ,Black Solid Stitched Sweatshirt," 1,500.00"
 ,Navy Solid Stitched Sweatshirt," 1,500.00"
Sa Lana ,Dark Brown Round Neck with Plain Vertical Band Sweater(MM-16-03)," 1,710.00"
Shree Ganesh Fancy ,Grey/Black Striped Full Sleeve Sweater For Men," 1,405.00"
Fila ,SALA Maroon Solid Round Neck Sweater For Men," 6,800.00"
Fila ,PARRINI2 Grey Solid Front Zipper Sweatshirt For Men," 4,250.00"
Fila ,PARRINI2 Black Solid Chained Sweatshirt For Men," 4,250.00"
Fila ,SALA Black Round Neck Solid Sweatshirt For Men," 6,800.00"
Fila ,EDMONTON Off-White Chained Sweater For Men," 4,675.00"
Fila ,ROSARIO Navy Solid Sweater For Men," 3,400.00"
Fila ,CALI Green Sleeveless Sweater For Men," 2,550.00"
Fila ,SAVOLDI Mustard Solid Round Neck Sweater For Men," 6,800.00"
Fila ,ROSARIO Black Solid Sweater For Men," 3,400.00"
Diamond Knit Land  ,Knitted Sweater For Men- Dark Green," 1,800.00"
Diamond Knit Land  ,Knitted Woolen High Neck For Men- Dark Brown," 1,800.00"
Wool On ,Grey/Black Striped Sweater For Men," 1,800.00"
Lugaz ,Sweatshirt For Men- Navy, 750.00
Diamond Knit Land  ,Woolen Knot High Neck For Men- Black," 1,800.00"
Columbia ,1674941054 Quantum Voyage Jacket For Men- Grey/Black," 21,000.00"
Columbia ,1674941402 Quantum Voyage Jacket For Men- Blue," 21,000.00"
Columbia ,1736851435 Shelldrake Point Down Jacket For Men- Blue," 15,000.00"
Columbia ,1629281464 Forest Peak Fleece Jacket For Men - Navy," 9,500.00"
Columbia ,1629281613 Forest Peak Fleece Jacket For Men - Red," 9,500.00"
Bastra ,Brown Silicon Hooded Down Jacket," 1,848.00"
 ,Men Cardigan - Dark Grey, 999.00
Le Fabec ,Stretchable Bomber Jacket- Black," 2,100.00"
Columbia ,1736212808 Great Falls Full Zip Jacket For Men - Orange," 9,000.00"
Jeanswest ,Black Solid Zippered Jacket For Men (63-121509-2010)," 3,190.00"
Sonam Gears ,Black Ultra Light Down Jacket For Men(607)," 8,965.00"
Sonam Gears ,Green Ultra Light Down Jacket For Men(607)," 8,965.00"
Sonam Gears ,Grey Ultra Light Down Jacket For Men(607)," 8,965.00"
Sonam Gears ,Light Grey Tashi Korean Fleece Jacket For Men (586)," 3,575.00"
 ,Men Solid Navy Blue Windcheater, 635.00
Sonam Gears ,Dark Grey Tashi Korean Fleece Jacket For Men (602)," 3,575.00"
Sonam Gears ,Grey 50 GM Holifil Ultra Light Jacket For Men (598)," 6,815.00"
Le Fabec ,Light Grey Korean Fashion Puff Winter Jacket For Men," 3,500.00"
Shree Ganesh Fancy ,Dark Brown Smily Patched Camo Jacket For Men," 2,450.00"
Lugaz ,Windcheater For Men- Royal Blue, 790.00
Rhino Leather ,Solid Black Leather Jacket For Men," 9,490.00"
 ,Maroon Silicon Jacket For Men," 1,900.00"
Jeanswest ,Black Solid Jacket For Men (64-122522-2010)," 11,900.00"
Shree Ganesh Fancy ,Dark Grey Textured Check One Buttoned Coat For Men," 1,950.00"
Shrestha Tailoring ,Two Button Regular Fit Tweed Blazer For Men- Blue," 10,500.00"
Indian Terrain ,ITA16JKD209 Panelled Padded Jacket- Brown," 11,958.00"
Indian Terrain ,ITA16JKK120 Single-Breasted Casual Blazer- Grey," 12,878.00"
Indian Terrain ,ITA16JKK121 Casual Poly Coat For Men- Grey," 11,038.00"
Indian Terrain ,ITA16JKD210 Solid Biker Jacket- Black," 11,038.00"
 ,Black Bomber Jacket," 2,200.00"
Le Fabec ,Red Korean Fashion Winter Puff Jacket," 3,500.00"
 ,Basecamp Light Red Raincoat (Net Inside)," 1,999.00"
Shree Ganesh Fancy ,Grey Detachable Hooded Buttoned Coat," 2,050.00"
 ,Shoe Saver, 205.00
Indian Terrain ,ITA16JKD216 Self Design Quilted Jacket- Khaki," 11,958.00"
Jeanswest ,Stone Grey Hooded Jacket For Men (74-123013 - 2078)," 12,750.00"
Jeanswest ,Mid Grey Half Down Jacket For Men (73-122527 - 2031)," 3,790.00"
Jeanswest ,Deep Navy Half Down Jacket For Men (73-122527 - 2591)," 3,790.00"
Jeanswest ,Black Fleece Jacket For Men (73-121004 - 2010)," 3,490.00"
Jeanswest ,Royal Blue Down Jacket For Men (74-123007 - 2541)," 9,750.00"
Diamond Knit Land  ,Grey/Black Knitted Sweater For Men," 1,200.00"
Diamond Knit Land  ,Green Knitted Woolen High Neck For Men," 1,400.00"
Diamond Knit Land  ,Knitted Woolen High Neck For Men- Black," 1,800.00"
Diamond Knit Land  ,Woolen Knot High Neck For Men- Brown," 1,800.00"
Diamond Knit Land  ,Knitted Sweater For Men- Maroon," 1,800.00"
Eryaa ,Army Green Sweater For Men- KFS122," 1,850.00"
NEVA ,S1040 Printed Woolen Sweater- Wine," 2,558.00"
 ,Blue Solid Stitched Sweatshirt," 1,500.00"
Eryaa ,Army Pattern Sweater For Men- Maroon," 1,850.00"
Wool On ,White Patterned Sweater For Men- Dark Grey/ Light Grey," 1,800.00"
 ,Orange Solid Stitched Sweatshirt," 1,500.00"
NEVA ,SB014 Woolen Sweater- Skin," 2,398.00"
Wool On ,Grey Multi-Color Striped Sweater For Men," 1,800.00"
Wool On ,Multicolor White Textured Striped Sweater For Men," 1,800.00"
Jeanswest ,Black Solid Sweater For Men (64-193529-2010)," 2,950.00"
Jeanswest ,Light Grey Solid Sweater For Men (63-194299-2085)," 4,490.00"
Jeanswest ,Grey Solid Sweater For Men (64-193013-2085)," 3,390.00"
Jeanswest ,Black Solid Sweater For Men (63-194298-2010)," 4,490.00"
Jeanswest ,Black Printed Sweater For Men (63-193295-2010)," 5,190.00"
Jeanswest ,Blue 'Pinnacle' Print Sweater For Men (63-191002-2680)," 3,990.00"
Jeanswest ,Grey Printed Sweater For Men (64-194299-2085)," 5,250.00"
Jeanswest ,Grey Solid Sweater For Men (64-193529-2075 )," 2,950.00"
Jeanswest ,Blue Striped Sweater For Men (64-193016-2680)," 3,990.00"
Jeanswest ,Aqua Solid Sweater For Men (64-193001-2620)," 3,290.00"
NEVA ,SB014 Solid Woolen Sweater- Navy," 2,398.00"
Jeanswest ,Grey Solid Sweater For Men (63-194298-2095)," 4,490.00"
Jeanswest ,Light Grey Solid Sweater For Men (63-194298-2085)," 4,490.00"
NEVA ,S1034 Printed Woolen Sweater- Black," 2,558.00"
NEVA ,S1034 Printed Woolen Sweater- Teal," 2,558.00"
Jeanswest ,Black Solid Sweater For Men (63-194299-2010)," 4,490.00"
Diamond Knit Land  ,Box Printed Sweater For Men- Brown," 1,500.00"
Diamond Knit Land  ,Box Printed Sweater For Men- Grey," 1,500.00"
Diamond Knit Land  ,Check Printed Sweater For Men- Black/White," 1,500.00"
Diamond Knit Land  ,Check Printed Sweater For Men- Black/Yellow," 1,500.00"
Diamond Knit Land  ,Check Printed Sweater For Men- Brown/White," 1,500.00"
Diamond Knit Land  ,Solid Sweater For Men- Dark Grey," 1,500.00"
Diamond Knit Land  ,Check Printed Sweater For Men- Brown/Maroon," 1,500.00"
Diamond Knit Land  ,Solid Sweater For Men- Brown," 1,500.00"
Diamond Knit Land  ,Solid Sweater For Men- Grey," 1,500.00"
Campdavid ,Light Grey Solid Sweatshirt, 995.00
Columbia ,1533891489 Watertight II Jacket For Men- Blue," 9,000.00"
Columbia ,1735971489 Titan Frost Fleece Jacket For Men- Blue Black," 14,000.00"
Columbia ,1735971780 Titan Frost Fleece Jacket For Men- Yellow Black," 14,000.00"
Columbia ,1680521837 Bugaboo Casual Interchange Jacket For Men - Maroon," 21,000.00"
Columbia ,1680491607 Eager Air Interchange Jacket For Men- Red/Grey," 17,500.00"
Columbia ,1533891003 Watertight II Jacket For Men- Grey," 9,000.00"
Columbia ,1700411339 OutDry Ex Gold Down Hooded Jacket For Men- Dark Green," 25,000.00"
Columbia ,1700411489 OutDry Ex Gold Down Hooded Jacket For Men- Blue," 25,000.00"
Jeanswest ,Mid Grey Down Jacket For Men (74-123588 - 2031)," 6,790.00"
Jeanswest ,Black Zippered Jacket For Men (73-122533 - 2011)," 5,790.00"
Jeanswest ,Burgundy Bomber Jacket For Men (73-122005 - 2280)," 4,990.00"
Jeanswest ,Black Hooded Jacket For Men (74-122003 - 2010)," 8,590.00"
Jeanswest ,Khaki Hooded Jacket For Men (73-122522 - 2981)," 5,490.00"
Columbia ,1738032489 Pike Lake Hooded Jacket For Men- Blue," 16,000.00"
Columbia ,1738032808 Pike Lake Hooded Jacket For Men- Maroon/Orange," 16,000.00"
Columbia ,1680521257 Bugaboo Casual Interchange Jacket For Men - Brown," 21,000.00"
Columbia ,1680491010 Eager Air Interchange Jacket For Men- Black/Grey," 17,500.00"
Columbia ,1737871837 Lake 22 Down Vest For Men- Dark Coral," 9,900.00"
Columbia ,1737871010 Lake 22 Down Vest For Men- Black," 9,900.00"
Bastra ,Green Silicon Hooded Down Jacket," 1,848.00"
Sonam Gears ,Purple Water Proof Jacket For Men (499)," 6,825.00"
Shree Ganesh Fancy ,Maroon Velvet One Buttoned Coat For Men," 2,205.00"
Shree Ganesh Fancy ,Black Velvet One Buttoned Coat For Men," 2,205.00"
Columbia ,1555941464 Heat Mode II Softshell Jacket For Men- Black," 13,000.00"
Columbia ,1555941053 Heat Mode II Softshell Jacket For Men- Grey," 13,000.00"
Jeanswest ,Plumberry Solid Down Jacket For Men (64-122002-2380)," 6,290.00"
 ,Bomber Jacket- Green," 1,650.00"
 ,Basecamp Blue Windcheater For Men, 800.00
Moonstar ,Summer Jacket For Men- Green, 700.00
 ,Men's Solid Black Windcheater, 635.00
Columbia ,1737881489 Lake 22 Down Jacket For Men- Blue," 12,000.00"
Columbia ,1737881010 Lake 22 Down Jacket For Men- Black," 12,000.00"
Columbia ,1737891994 Lake 22 Down Hooded Jacket For Men- Olive Green," 15,000.00"
Columbia ,1737891489 Lake 22 Down Hooded Jacket For Men- Blue," 15,000.00"
Jeanswest ,Burgundy Fleece Jacket For Men (73-121505 - 2280)," 2,990.00"
 ,Light Blue Denim Jacket," 2,000.00"
 ,Haosenweike Windcheater For Men- Black," 1,575.00"
Le Fabec ,Olive Green Korean Bomber Jacket- MB 04," 1,950.00"
Jeanswest ,Navy Stitched Hooded Jacket For Men (64-122298-2580)," 9,290.00"
Hardik Fancy Collection ,Brown Furry Collar Leather Jacket," 3,400.00"
 ,Black Solid Sweatshirts For Men," 1,500.00"
Shree Ganesh Fancy ,White Skater Printed Sweatshirt For Men," 1,650.00"
Shree Ganesh Fancy ,Grey Skater Printed Sweatshirt For Men," 1,650.00"
Shree Ganesh Fancy ,Black Printed Sweatshirt For Men," 1,650.00"
Shree Ganesh Fancy ,Multi-Color Abstract Print Sweater," 1,050.00"
Shree Ganesh Fancy ,Light Grey Striped Sweater," 1,650.00"
Shree Ganesh Fancy ,Black Shimmery Sweater For Men," 1,750.00"
Shree Ganesh Fancy ,Brown Sweater With Inner Shirt For Men," 1,650.00"
Shree Ganesh Fancy ,Multi-Colored Striped Sweater," 1,050.00"
Shree Ganesh Fancy ,Multi-colored Striped Round Neck Sweater," 1,050.00"
Shree Ganesh Fancy ,Cream Zipper Neck Textured Sweater For Men," 1,550.00"
Shree Ganesh Fancy ,Multi-Colored Printed Striped Sweater," 1,050.00"
Shree Ganesh Fancy ,Multi-colored Printed Striped Sweater," 1,050.00"
Shree Ganesh Fancy ,Multi-color Striped Printed Sweater," 1,050.00"
Shree Ganesh Fancy ,Bluish Grey Round Neck Sweater," 1,450.00"
Shree Ganesh Fancy ,Black Lined Front Pocket Sweater For Men," 1,450.00"
Shree Ganesh Fancy ,Ash Grey Plain Sweater For Men," 1,750.00"
Shree Ganesh Fancy ,Multi-colored Striped Textured Sweater- Brown/White/Navy," 1,250.00"
Shree Ganesh Fancy ,Multi-colored Striped Textured Sweater- Navy Blue/Grey/White," 1,250.00"
Shree Ganesh Fancy ,Multi-colored Striped Textured Sweater For Men," 1,650.00"
Shree Ganesh Fancy ,Multi-Color Striped V-Neck Sweater," 1,050.00"
Shree Ganesh Fancy ,Cream/Brown Plain Sweater," 1,650.00"
Shree Ganesh Fancy ,Red/Navy Blue Textured Sweater," 1,650.00"
Le Fabec ,Light Grey Korean Sweater For Men+AC0- MC 006," 1,950.00"
Shree Ganesh Fancy ,Black Textured Round Neck Sweater," 1,235.00"
Shree Ganesh Fancy ,Bluish Grey Striped Round Neck Sweater," 1,450.00"
Shree Ganesh Fancy ,Brown Zipper Neck Textured Sweater For Men," 1,550.00"
Shree Ganesh Fancy ,Maroon Striped Sweater," 1,650.00"
Le Fabec ,Green 3-Buttoned Korean fashion sweater for Men," 1,350.00"
Shree Ganesh Fancy ,Multi-Color Striped Sweater For Men," 1,050.00"
Shree Ganesh Fancy ,Grey Textured Round Neck Sweater," 1,450.00"
Campdavid ,Air Force Blue Full Sleeve Sweatshirt For Men," 1,195.00"
Hardik Fancy Collection ,Navy Diamond Print Fitted Sweatshirt, 999.00
Le Fabec ,Black 3-Buttoned Korean Sweater For Men," 1,350.00"
Shree Ganesh Fancy ,Black Printed Sweatshirt For Men," 1,650.00"
Le Fabec ,Beige 3-Buttoned Korean fashion sweater for Men," 1,350.00"
Jeanswest ,Navy Solid Cardigan For Men (63-129296-2580)," 4,990.00"
Jeanswest ,Grey Solid Cardigan For Men (63-129296-2085)," 4,990.00"
Jeanswest ,Maroon Solid Cardigan For Men (63-129296-2390)," 4,990.00"
Jeanswest ,Grey Striped Sweater For Men (64-193016-2075)," 3,990.00"
Jeanswest ,Black Down Jacket For Men (74-123588 - 2011)," 6,790.00"
Indian Terrain ,ITA16JKD216 Self Design Quilted Jacket- Olive," 11,958.00"
Shree Ganesh Fancy ,Burgundy Zip Up Leather Jacket For Men," 2,050.00"
 ,Thin Windcheater For Men- White," 1,599.00"
Jeanswest ,Grey Fleece Jacket For Men (63-121509-2051)," 3,190.00"
Sonam Gears ,Green Tenzing Softshell Jacket For Men (567)," 7,905.00"
Jeanswest ,Black Solid Jacket For Men (64-123003-2010)," 9,490.00"
 ,Black Zippered Pocket Bomber Jacket For Men, 899.00
The North Face ,A2TCC Aconcagua Jacket For Men - TNF Black," 16,500.00"
 ,Summer Blazer For Men- Maroon (One Button)," 2,200.00"
Ramesh Impex ,Black Ultra Light Down Jacket," 2,130.00"
 ,Orange/Grey LX Cotton Jacket For Men," 1,800.00"
Bastra ,Windcheater For Men- Blue," 1,650.00"
Le Fabec ,Grey Korean Fashion Winter Puff Jacket For Men," 3,500.00"
 ,Black Distressed Denim Jacket," 1,650.00"
Sonam Gears ,Maroon Lungdo Jacket For Men (509)," 4,775.00"
Bhutri Clothing Store ,Beige Long Buttoned Blazer With Attached Muffler," 3,500.00"
Le Fabec ,Stretchable Bomber Jacket- Green," 2,100.00"
Sonam Gears ,Teal Blue Single Fleece Jacket For Men (602)," 3,305.00"
 ,Navy One Button Solid Blazer," 2,200.00"
Fila ,GARETH Navy Blue Windbreaker Jacket  For Men," 5,015.00"
Fila ,Cut & Sew ARCHIVE Black/Sky Blue Track Top Jacket For Men," 8,500.00"
Fila ,CARDOVA Black Hooded Jacket For Men," 11,050.00"
Fila ,CARDOVA Navy Blue Hooded Jacket For Men," 11,050.00"
Fila ,CIPOLLA Maroon/White/Navy Hood Jacket For Men," 9,350.00"
Fila ,Courto Cut & Sew ARCHIVE Track Top Jacket For Men- Red/White/Navy Blue," 8,500.00"
Fila ,GARETH Black Windbreaker Jacket For Men," 5,015.00"
Fila ,SALVO Black/Grey Solid Thin Jacket For Men," 4,250.00"
 ,Translucent Long Pvc Rain Coat, 499.00
 ,Bomber Jacket- Maroon," 1,800.00"
Fila ,FONTANA Dark Green Track Jacket For Men," 8,500.00"
Fila ,FONTANA Blue Track Jacket For Men," 8,500.00"
 ,Two-Tone Fur Inside Fleece Bomber Jacket- Green/Navy," 1,999.00"
The North Face ,A33RO Harway Jacket For Men - TNF Black," 10,200.00"
Sonam Gears ,Black 2 in 1 Waterproof+ Fleece Jacket For Men (346)," 13,250.00"
Sonam Gears ,Grey Animal Printed Fleece Jacket For Men (172)," 3,615.00"
Sonam Gears ,Blue/Brown Waterproof Fur Leather Jacket For Men (381)," 15,825.00"
 ,Rainproof Outdoor Splits Raincoats and Rainpants," 1,200.00"
 ,Double Head Bike Raincoat, 799.00
Sonam Gears ,Dark Green Sleeveless Down Jacket For Men (608)," 6,019.00"
Sa Lana ,Burgundy/Grey Round Neck with Vertical Stripes Sweater(MM-16-02)," 1,710.00"
Sa Lana ,Beige/Black Round Neck with Vertical Stripes Sweater(MM-16-02)," 1,710.00"
Sa Lana ,Burgundy/Navy Round Neck with Vertical Stripes Sweater(MM-16-02)," 1,710.00"
Le Fabec ,Dark Blue Printed Sweater For Men+AC0- S 011," 1,700.00"
Jeanswest ,Black 'Attitude Lifestyle' Print Sweater For Men (63-193011-2010)," 2,990.00"
NEVA ,SB014 Solid Woolen Sweater- Black," 2,398.00"
Sa Lana ,Brown/Beige Lining On V- Neck Sweater(MM-16-05)," 1,710.00"
Sa Lana ,Burgundy/Beige Lining On V-Neck Sweater(MM-16-05)," 1,710.00"
Sa Lana ,Navy/Burgundy Lining On V-Neck Sweater(MM-16-05)," 1,710.00"
Sa Lana ,Black/Grey Lining On V- Neck Sweater(MM-16-05)," 1,710.00"
Sa Lana ,Black/Beige  Lining On V-Neck Sweater (MM-16-05)," 1,710.00"
Sa Lana ,Black/Khaki Round Neck Horizontal Stripe Sweater(MM-16-04)," 1,710.00"
Sa Lana ,Blue/Indigo Round Neck Horizontal Stripe Sweater(MM-16-04)," 1,710.00"
Sa Lana ,Navy/Burgundy Round Neck Horizontal Stripe Sweater(MM-16-04)," 1,710.00"
Sa Lana ,Dark Brown/Beige Round Neck Horizontal Stripe Sweater(MM-16-04)," 1,710.00"
Sa Lana ,Khaki Round Neck with Plain Vertical Band Sweater(MM-16-03)," 1,710.00"
Sa Lana ,Grey Round Neck with Plain Vertical Band Sweater(MM-16-03)," 1,710.00"
Sa Lana ,Black Round Neck with Plain Vertical Band Sweater(MM-16-03)," 1,710.00"
Sa Lana ,Brown Round Neck with Vertical Stripes Sweater(MM-16-02)," 1,710.00"
Hardik Fancy Collection ,Maroon Knitted Side Zipper Sweater," 1,299.00"
Xtep ,051065 Sweatshirt for Men- Beige," 4,960.00"
Xtep ,051065 Sweatshirt for Men- Blue/Grey," 4,960.00"
Campdavid ,Black Full Sleeve Sweatshirt For Men," 1,195.00"
Wildcraft ,Men's Hooded Wind Stopping Jacket - Dark Grey," 5,200.00"
Carte Blanche ,Dark Blue Full Sleeve High Neck Sweatshirt For Men," 1,195.00"
 ,Grey Solid Stitched Sweatshirt," 1,500.00"
Le Fabec ,Black Korean Sweater For Men+AC0- S 007," 1,700.00"
Carte Blanche ,Black Stitched Sweatshirt," 1,195.00"
Hardik Fancy Collection ,Grey Army Print Fitted Sweatshirt, 999.00
 ,Bluish Grey Solid Stitched Sweatshirt," 1,500.00"
Campdavid ,Coral Orange Full Sleeve Sweatshirt For Men," 1,195.00"
Le Fabec ,White/Light Blue Korean Sweater For Men- S 001," 1,700.00"
Le Fabec ,Dark Blue Korean Sweater For Men- S 005," 1,700.00"
Campdavid ,Bluish Grey Solid Sweatshirt, 995.00
Carte Blanche ,Grey Full Sleeve High Neck Sweatshirt For Men," 1,195.00"
Lugaz ,Thin Summer Sweatshirt For Men- Blue, 999.00
Sonam Gears ,Black Sleeveless Down Jacket For Men (608)," 6,019.00"
Sonam Gears ,Black/Off White Nima Holifil Jacket For Men (576)," 10,315.00"
Sonam Gears ,Black 50 GM Holifil Ultra Light Jacket For Men (598)," 6,815.00"
Sonam Gears ,Blue 50 GM Holifil Ultra Light Jacket For Men (598)," 6,815.00"
Sonam Gears ,Maroon 50 GM Holifil Ultra Light Jacket For Men (598)," 6,815.00"
Sonam Gears ,Black Holifil Long Jacket For Men (588)," 10,710.00"
Sonam Gears ,Teal Blue Holifil Long Jacket For Men (588)," 10,710.00"
Sonam Gears ,Grey Nima Holifil Jacket For Men (576)," 6,776.00"
Sonam Gears ,Red Nima Holifil Jacket For Men (576)," 6,776.00"
Sonam Gears ,Blue Nima Holifil Jacket For Men (576)," 6,776.00"
The North Face ,A2UAO 200 Shadow Jacket For Men - Fusebox Grey Black Heather," 9,000.00"
Lugaz ,Two-Tone Silicon Down Jacket- Green/Black," 2,200.00"
The North Face ,A2VE1 Borod Full Zip Jacket For Men - Asphalt Grey/TNF Black," 8,900.00"
Sonam Gears ,Light Grey Dawa Korean Fleece Jacket For Men (577)," 4,540.00"
Sonam Gears ,Dark Grey Dawa Korean Fleece Jacket For Men (577)," 4,540.00"
Sonam Gears ,Red/Grey Pemba Softshell Jacket For Men (575)," 5,815.00"
Sonam Gears ,Black Single Fleece Jacket For Men (602)," 3,305.00"
Sonam Gears ,Navy Single Fleece Jacket For Men (602)," 3,305.00"
Sonam Gears ,Royal Blue Wagel Jacket For Men (593)," 4,960.00"
Sonam Gears ,Brown Wagel Jacket For Men (593)," 4,960.00"
Sonam Gears ,Teal Blue Wagel Jacket For Men (593)," 4,960.00"
Sonam Gears ,Green Wagel Jacket For Men (593)," 4,960.00"
Sonam Gears ,Black Wagel Jacket For Men (593)," 4,960.00"
Sonam Gears ,Blue/Grey Pemba Softshell Jacket For Men (575)," 5,815.00"
Sonam Gears ,Green/Grey Pemba Softshell Jacket For Men (575)," 5,815.00"
The North Face ,AUFD Nutptse 2 Jacket For Men - TNF Black / High Rise Grey," 23,000.00"
Jeanswest ,Red Hooded Jacket For Men (64-123005-2200)," 10,900.00"
Jeanswest ,Black Solid Down Jacket For Men (63-122588-2011)," 5,190.00"
Sonam Gears ,Brown Single Fleece Jacket For Men (602)," 3,305.00"
Jeanswest ,Grey Solid Jacket For Men (63-121013-2075)," 4,975.00"
Jeanswest ,Black Solid Down Jacket For Men (63-123588-2011)," 6,990.00"
Jeanswest ,Brown Solid Hooded Jacket For Men (63-122511-2941)," 5,690.00"
Jeanswest ,Black Solid Hooded Jacket For Men (63-122505-2011)," 5,690.00"
The North Face ,A33RP Barstol Aviator Jacket For Men - TNF Black," 14,200.00"
The North Face ,A33RP Barstol Aviator Jacket For Men - New Taupe Green," 14,200.00"
Jeanswest ,Black Solid Hooded Jacket For Men (63-121013-2010)," 4,975.00"
Jeanswest ,Black Hooded Jacket For Men (63-122289-2010)," 8,890.00"
Jeanswest ,Black Hooded Jacket For Men (63-122014-2010)," 6,490.00"
Jeanswest ,Black Solid Jacket For Men (64-122518-2011)," 7,990.00"
Jeanswest ,Rose Red Solid Hooded Down Jacket For Men (64-123530-2261)," 7,590.00"
 ,Fancy Dotted Single Scooty Poncho Raincoat," 1,299.00"
Jeanswest ,Blue Patched Denim Jacket For Men (63-122003-2550)," 7,590.00"
The North Face ,A2TCC Aconcagua Jacket For Men - New Taupe Green," 16,500.00"
Jeanswest ,Black Solid Hooded Down Jacket For Men (64-123002-2018)," 8,990.00"
Jeanswest ,Grey Solid Jacket For Men (63-121005-2075)," 4,890.00"
Jeanswest ,Indigo Solid Hooded Jacket For Men (64-122512-2575)," 8,890.00"
Jeanswest ,Light Grey Quilted Style Jacket For Men (63-122515-2024)," 6,690.00"
Jeanswest ,Grey Hooded Jacket For Men (64-123295-2030)," 10,690.00"
Sonam Gears ,Brown 50 GM Holifil Ultra Light Jacket For Men (598)," 6,815.00"
 ,Water Repellent Jacket- Black," 1,800.00"
The North Face ,A2VD3 Resolve Jacket For Men - Brilliant Blue/Urban Navy," 9,900.00"
Jeanswest ,Black Solid Half Jacket For Men (63-122550-2011)," 3,990.00"
The North Face ,A33RK Harway Half Jacket For Men - New Taupe Green," 9,100.00"
 ,Windcheater and Bomber Jacket V2 For Men- Blue, 899.00
 ,Summer Blazer For Men- Sky Blue (One Button)," 2,200.00"
The North Face ,A33RK Harway Half Jacket For Men - British Khaki," 9,100.00"
Sonam Gears ,Brown Water Proof Jacket For Men (499)," 6,825.00"
Sonam Gears ,Black Octopus Water Proof Jacket For Men (527)," 5,460.00"
 ,Half cycling reflective jacket," 1,200.00"
Sonam Gears ,Grey Lungdo Jacket For Men (509)," 4,775.00"
 ,Grey/Black/Red Bomber Striped Jacket For Men," 1,450.00"
Jeanswest ,Indigo Solid Down Jacket For Men (63-123501-2571)," 7,990.00"
Jeanswest ,Grey Printed Jacket For Men (63-121011-2075)," 4,890.00"
The North Face ,A33Q6 Millerton Jacket For Men - Cardinal Red/Asphalt Grey," 11,500.00"
The North Face ,A33Q6 Millerton Jacket For Men - Asphalt Grey/Arrowwood Yellow," 11,500.00"
The North Face ,AUFG Nuptse 2 Gilet Half Jacket For Men - TNF Black," 15,000.00"
Sonam Gears ,Maroon Rinzin Down Jacket For Men (574)," 12,925.00"
Sonam Gears ,Grey Rinzin Down Jacket For Men (574)," 12,925.00"
Sonam Gears ,Black Rinzin Down Jacket For Men (574)," 12,925.00"
Sonam Gears ,Royal Blue Rinzin Down Jacket For Men (574)," 12,925.00"
Sonam Gears ,Blue Tenzing Softshell Jacket For Men (567)," 7,905.00"
Sonam Gears ,Black Tenzing Softshell Jacket For Men (567)," 7,905.00"
Sonam Gears ,Red Tenzing Softshell Jacket For Men (567)," 7,905.00"
Sonam Gears ,Brown Tenzing Softshell Jacket For Men (567)," 7,905.00"
 ,Transparent White Raincoat - Unisex," 1,299.00"
The North Face ,AUFD Nutptse 2 Jacket For Men - Cardinal Red," 23,000.00"
Bastra ,Green Silicon Sleeveless Down Jacket," 1,615.00"
BARESKIN ,Cafe Racer Slim Fit Jacket For Men- Light Brown (VNGJ-545-GA-043)," 17,999.00"
BARESKIN ,Slim Fit Moto Jacket For Men- Olive Brown (VNGJ-535-GSP-018)," 17,999.00"
 ,Raincoat For Men- Grey/Black," 1,790.00"
 ,Rainproof Outdoor Splits Raincoats And Rainpants," 1,149.00"
 ,Summer Blazer For Men- Dark Grey (One Button)," 2,200.00"
Hardik Fancy Collection ,Black Side Zippered Jacket," 2,500.00"
Rhino Leather ,Black Multiple Pocket Leather Jacket For Men," 10,590.00"
Bastra ,Grey Silicon Sleeveless Down Jacket," 1,615.00"
Jeanswest ,Maroon Solid Down Jacket For Men (63-122588-2281)," 5,190.00"
Sonam Gears ,Blue Sangbo Holifil 2 Ply G-Tex Jacket For Men (605)," 12,925.00"
Sonam Gears ,Black Sangbo Holifil 2 Ply G-Tex Jacket For Men (605)," 12,925.00"
Sonam Gears ,Crimson Sangbo Holifil 2 Ply G-Tex Jacket For Men (605)," 12,925.00"
Sonam Gears ,Brick Sangbo Holifil 2 Ply G-Tex Jacket For Men (605)," 12,925.00"
Sonam Gears ,Teal Blue/Black Karma Medium Down Jacket For Men (578)," 14,799.00"
Sonam Gears ,Grey/Black Karma Medium Down Jacket For Men (578)," 14,799.00"
Sonam Gears ,Green/Black Karma Medium Down Jacket For Men (578)," 14,799.00"
Sonam Gears ,Blue/Grey Karma Medium Down Jacket For Men (578)," 14,799.00"
Sonam Gears ,Blue/Black Karma Medium Down Jacket For Men (578)," 14,799.00"
Sonam Gears ,Green/Black Light Down Jacket For Men (596)," 10,315.00"
Sonam Gears ,Blue/Black Light Down Jacket For Men (596)," 10,315.00"
Sonam Gears ,Maroon Light Down Jacket For Men (596)," 10,315.00"
Sonam Gears ,Grey Gyalpo Waterproof Jacket For Men (563)," 13,999.00"
Sonam Gears ,Green Gyalpo Waterproof Jacket For Men (563)," 13,999.00"
Sonam Gears ,Red Gyalpo Waterproof Jacket For Men (563)," 13,999.00"
Rhino Leather ,Brown Box Pockets Leather Coat For Men," 10,590.00"
Sonam Gears ,Blue 2.5 Ply G-Tex Windcheaters (518)," 6,925.00"
The North Face ,AUFG Nuptse 2 Gilet Half Jacket For Men - Cardinal Red," 15,000.00"
Jeanswest ,Dark Grey Textured Jacket For Men (64-123003-2090)," 9,490.00"
Ramesh Impex ,Red Ultra Light Hooded Down Jacket," 2,130.00"
Jeanswest ,Grey Solid Hooded Down Jacket For Men (64-123002-2088)," 8,990.00"
Jeanswest ,Emerald Solid Fleece Jacket For Men (63-121012-2770)," 3,190.00"
BARESKIN ,Woolen Coats For Men- Brown (VNGWJ-113)," 5,500.00"
Moonstar ,Summer Jacket For Men- Black, 700.00
The North Face ,A2VD5 Resolve Jacket For Men - Shady Blue/Urban Navy," 9,500.00"
The North Face ,A2VD5 Resolve Jacket For Men - Autumnal Orange/Brunette Brown," 9,500.00"
Jeanswest ,Black 'Conquer Match' Zippered Jacket For Men (63-121504-2010)," 3,790.00"
Hardik Fancy Collection ,Orange Hooded Jacket For Men," 1,999.00"
BARESKIN ,Woolen Coats For Men- Grey (VNGWJ-111)," 5,500.00"
 ,Basecamp Bluish Grey Raincoat (Net Inside)," 1,999.00"
 ,Windcheater and Bomber Jacket V2 For Men- Blue," 1,790.00"
 ,Thin Windcheater For Men- Red," 1,599.00"
 ,Black/Grey Fleece Jacket, 720.00
